/** 멤버십 서비스에 필요한 기초 데이터 스크립트 **/


/* 1.회원 정보 */
INSERT INTO ACCOUNT (ACCOUNT_ID, ACCOUNT_NM, EMAIL, BIRTH, HPHONE, GRADE, INSERT_DATE, INSERT_USER)
    VALUES (1, '관리자1', 'admin@naver.com', '19880905', '01047269178', 'ADMIN', SYSDATE, 1);
INSERT INTO ACCOUNT (ACCOUNT_ID, ACCOUNT_NM, EMAIL, BIRTH, HPHONE, GRADE, INSERT_DATE, INSERT_USER)
    VALUES (2, '홍길동', 'gdhong@naver.com', '19900505', '01011112222', 'USER', SYSDATE, 1);
INSERT INTO ACCOUNT (ACCOUNT_ID, ACCOUNT_NM, EMAIL, BIRTH, HPHONE, GRADE, INSERT_DATE, INSERT_USER)
    VALUES (3, '뷔아피', 'vip@naver.com', '19641211', '01091893827', 'VIP', SYSDATE, 1);
INSERT INTO ACCOUNT (ACCOUNT_ID, ACCOUNT_NM, STATUS, EMAIL, BIRTH, HPHONE, GRADE, INSERT_DATE, INSERT_USER)
    VALUES (4, '박탈퇴', '0', 'withdrawal@naver.com', '19990118', '01029387364', 'USER', SYSDATE, 1);
INSERT INTO ACCOUNT (ACCOUNT_ID, ACCOUNT_NM, STATUS, EMAIL, BIRTH, HPHONE, GRADE, INSERT_DATE, INSERT_USER)
    VALUES (5, '오중지', '9', 'non_use@naver.com', '19750401', '01047288269', 'VIP', SYSDATE, 1);

/* 2.가맹점 정보 */
INSERT INTO FRANCHISEE (FRANCHISEE_ID, FRANCHISEE_NM, INSERT_DATE, INSERT_USER) VALUES (1, '교촌치킨 부천역점', SYSDATE, 1);
INSERT INTO FRANCHISEE (FRANCHISEE_ID, FRANCHISEE_NM, INSERT_DATE, INSERT_USER) VALUES (2, '교촌치킨 부천소사점', SYSDATE, 1);
INSERT INTO FRANCHISEE (FRANCHISEE_ID, FRANCHISEE_NM, INSERT_DATE, INSERT_USER) VALUES (3, '교촌치킨 부천원미점', SYSDATE, 1);
INSERT INTO FRANCHISEE (FRANCHISEE_ID, FRANCHISEE_NM, INSERT_DATE, INSERT_USER) VALUES (4, '부천 동네치킨', SYSDATE, 1);
INSERT INTO FRANCHISEE (FRANCHISEE_ID, FRANCHISEE_NM, INSERT_DATE, INSERT_USER) VALUES (5, '베스킨라빈스 부천역점', SYSDATE, 1);
INSERT INTO FRANCHISEE (FRANCHISEE_ID, FRANCHISEE_NM, INSERT_DATE, INSERT_USER) VALUES (6, '파리바게트 부천중동점', SYSDATE, 1);
INSERT INTO FRANCHISEE (FRANCHISEE_ID, FRANCHISEE_NM, STATUS, INSERT_DATE, INSERT_USER) VALUES (7, '던킨도너츠 부천상동점', '9', SYSDATE, 1);
INSERT INTO FRANCHISEE (FRANCHISEE_ID, FRANCHISEE_NM, INSERT_DATE, INSERT_USER) VALUES (8, '던킨도너츠 부천역곡점', SYSDATE, 1);
INSERT INTO FRANCHISEE (FRANCHISEE_ID, FRANCHISEE_NM, INSERT_DATE, INSERT_USER) VALUES (9, '부천 동네빵짐', SYSDATE, 1);

/* 3.멤버십 정보 */
INSERT INTO MEMBERSHIP (MSP_ID, MSP_NM, MSP_INFO, MSP_ACCUM_FG, MSP_ACCUM_AMT, MSP_ACCUM_RAT, MSP_ACCUM_MIN_AMT, MSP_POINT_EXPIRE_DAYS, INSERT_DATE, INSERT_USER)
    VALUES (1, '교촌 멤버십', '결제금액의 5% 적립', '2', 0, 5, 0, 0, SYSDATE, 1);
INSERT INTO MEMBERSHIP (MSP_ID, MSP_NM, MSP_INFO, MSP_ACCUM_FG, MSP_ACCUM_AMT, MSP_ACCUM_RAT, MSP_ACCUM_MIN_AMT, MSP_POINT_EXPIRE_DAYS, INSERT_DATE, INSERT_USER)
    VALUES (2, 'SPC 멤버십', '20000원 이상 결제 시 3000원 적립', '1', 3000, 0, 20000, 30, SYSDATE, 1);
INSERT INTO MEMBERSHIP (MSP_ID, MSP_NM, MSP_INFO, MSP_ACCUM_FG, MSP_ACCUM_AMT, MSP_ACCUM_RAT, MSP_ACCUM_MIN_AMT, MSP_POINT_EXPIRE_DAYS, INSERT_DATE, INSERT_USER)
    VALUES (3, '부천 VIP 멤버십', '부천 가맹점 결제금액의 10% 적립', '2', 0, 10, 0, 0, SYSDATE, 1);

/* 4.멤버십별 가입가능한 회원등급 */
INSERT INTO MEMBERSHIP_GRADE (MSP_ID, ACCOUNT_GRADE, INSERT_DATE, INSERT_USER) VALUES (1, 'VIP', SYSDATE, 1);
INSERT INTO MEMBERSHIP_GRADE (MSP_ID, ACCOUNT_GRADE, INSERT_DATE, INSERT_USER) VALUES (1, 'USER', SYSDATE, 1);
INSERT INTO MEMBERSHIP_GRADE (MSP_ID, ACCOUNT_GRADE, INSERT_DATE, INSERT_USER) VALUES (2, 'VIP', SYSDATE, 1);
INSERT INTO MEMBERSHIP_GRADE (MSP_ID, ACCOUNT_GRADE, INSERT_DATE, INSERT_USER) VALUES (2, 'USER', SYSDATE, 1);
INSERT INTO MEMBERSHIP_GRADE (MSP_ID, ACCOUNT_GRADE, INSERT_DATE, INSERT_USER) VALUES (3, 'VIP', SYSDATE, 1);

/* 5.멤버십별 가맹점 */
INSERT INTO MEMBERSHIP_FRANCHISEE (MSP_ID, FRANCHISEE_ID, INSERT_DATE, INSERT_USER) VALUES (1, 1, SYSDATE, 1);
INSERT INTO MEMBERSHIP_FRANCHISEE (MSP_ID, FRANCHISEE_ID, INSERT_DATE, INSERT_USER) VALUES (1, 2, SYSDATE, 1);
INSERT INTO MEMBERSHIP_FRANCHISEE (MSP_ID, FRANCHISEE_ID, INSERT_DATE, INSERT_USER) VALUES (1, 3, SYSDATE, 1);
INSERT INTO MEMBERSHIP_FRANCHISEE (MSP_ID, FRANCHISEE_ID, INSERT_DATE, INSERT_USER) VALUES (2, 5, SYSDATE, 1);
INSERT INTO MEMBERSHIP_FRANCHISEE (MSP_ID, FRANCHISEE_ID, INSERT_DATE, INSERT_USER) VALUES (2, 6, SYSDATE, 1);
INSERT INTO MEMBERSHIP_FRANCHISEE (MSP_ID, FRANCHISEE_ID, INSERT_DATE, INSERT_USER) VALUES (2, 7, SYSDATE, 1);
INSERT INTO MEMBERSHIP_FRANCHISEE (MSP_ID, FRANCHISEE_ID, INSERT_DATE, INSERT_USER) VALUES (2, 8, SYSDATE, 1);
INSERT INTO MEMBERSHIP_FRANCHISEE (MSP_ID, FRANCHISEE_ID, INSERT_DATE, INSERT_USER) VALUES (3, 1, SYSDATE, 1);
INSERT INTO MEMBERSHIP_FRANCHISEE (MSP_ID, FRANCHISEE_ID, INSERT_DATE, INSERT_USER) VALUES (3, 2, SYSDATE, 1);
INSERT INTO MEMBERSHIP_FRANCHISEE (MSP_ID, FRANCHISEE_ID, INSERT_DATE, INSERT_USER) VALUES (3, 3, SYSDATE, 1);
INSERT INTO MEMBERSHIP_FRANCHISEE (MSP_ID, FRANCHISEE_ID, INSERT_DATE, INSERT_USER) VALUES (3, 4, SYSDATE, 1);
INSERT INTO MEMBERSHIP_FRANCHISEE (MSP_ID, FRANCHISEE_ID, INSERT_DATE, INSERT_USER) VALUES (3, 5, SYSDATE, 1);
INSERT INTO MEMBERSHIP_FRANCHISEE (MSP_ID, FRANCHISEE_ID, INSERT_DATE, INSERT_USER) VALUES (3, 6, SYSDATE, 1);
INSERT INTO MEMBERSHIP_FRANCHISEE (MSP_ID, FRANCHISEE_ID, INSERT_DATE, INSERT_USER) VALUES (3, 7, SYSDATE, 1);
INSERT INTO MEMBERSHIP_FRANCHISEE (MSP_ID, FRANCHISEE_ID, INSERT_DATE, INSERT_USER) VALUES (3, 8, SYSDATE, 1);
INSERT INTO MEMBERSHIP_FRANCHISEE (MSP_ID, FRANCHISEE_ID, INSERT_DATE, INSERT_USER) VALUES (3, 9, SYSDATE, 1);